{"locations": {"0": 0.0005468012129045087, "1": 0.0008450564199433315, "2": 0.0018889496445792116, "3": 0.0021872048516180347, "4": 0.0030819704727345033, "5": 0.004722374111448029, "6": 0.021126410498583287, "7": 0.016453745588308397, "8": 0.019138042451657802, "9": 0.019187751652830938, "10": 0.022070885320872893, "11": 0.021524084107968387, "12": 0.054729830491624, "13": 0.04230253019833971, "14": 0.049560073569617745, "15": 0.0487150171496744, "16": 0.05015658398369538, "17": 0.0438932246358801, "18": 0.07431525575384004, "19": 0.05502808569866282, "20": 0.06815131480837103, "21": 0.061788537058209476, "22": 0.05905453099368693, "23": 0.04190485658895462, "24": 0.05025600238604166, "25": 0.03444847641298404, "26": 0.045384500671074225, "27": 0.04230253019833971, "28": 0.0330566187801362, "29": 0.012178754287418603}, "total": 20117}
